observation_id,source,province,city,economic_object_raw,price_value,currency,semantic_role,market_scope,matched_services,canonical_service,comparability_key,original_comparable_status,extractor_version
1,jadetech_generic,CABA,CABA,Formateo e instalación de Sistema Operativo sin BackUp Categorías: Servicio técnico,42120,ARS,COMPOSITE_SERVICE,MIXED_OR_UNKNOWN,FORMATEO_INSTALACION_SO|BACKUP_DATOS,,,INDETERMINATE,generic_price_extractor_v3
2,jadetech_generic,CABA,CABA,Limpieza de hardware + Formateo e instalacion de windows PC gamer Categorías: Servicio técnico,75000,ARS,COMPOSITE_SERVICE,MIXED_OR_UNKNOWN,FORMATEO_INSTALACION_SO|LIMPIEZA_MANTENIMIENTO,,,INDETERMINATE,generic_price_extractor_v3
3,jadetech_generic,CABA,CABA,Limpieza Hardware + Formateo e instalación de Sistema Operativo + Programas Básicos + BackUp hasta 100gb + (CAMBIO A SSD) Categorías: Servicio técnico,54534,ARS,COMPOSITE_SERVICE,MIXED_OR_UNKNOWN,FORMATEO_INSTALACION_SO|LIMPIEZA_MANTENIMIENTO|BACKUP_DATOS|INSTALACION_PROGRAMAS,,,INDETERMINATE,generic_price_extractor_v3
4,jadetech_generic,CABA,CABA,BackUp de Datos cada 100gb Extras Categorías: Servicio técnico,21060,ARS,SINGLE_SERVICE,LOCAL_SERVICE,BACKUP_DATOS,BACKUP_DATOS,CABA::BACKUP_DATOS,INDETERMINATE,generic_price_extractor_v3
5,jadetech_generic,CABA,CABA,Inicialización de equipo nuevo (configuración + Programas Básicos) Categorías: Servicio técnico,42120,ARS,COMPOSITE_SERVICE,MIXED_OR_UNKNOWN,INSTALACION_PROGRAMAS|CONFIGURACION_EQUIPO,,,INDETERMINATE,generic_price_extractor_v3
6,jadetech_generic,CABA,CABA,Instalación Programas OpenSource x1 Categorías: Servicio técnico,12636,ARS,SINGLE_SERVICE,LOCAL_SERVICE,INSTALACION_PROGRAMAS,INSTALACION_PROGRAMAS,CABA::INSTALACION_PROGRAMAS,INDETERMINATE,generic_price_extractor_v3
7,jadetech_generic,CABA,CABA,Instalación Programas comerciales x1 provistos Categorías: Servicio técnico,15795,ARS,SINGLE_SERVICE,LOCAL_SERVICE,INSTALACION_PROGRAMAS,INSTALACION_PROGRAMAS,CABA::INSTALACION_PROGRAMAS,INDETERMINATE,generic_price_extractor_v3
8,jadetech_generic,CABA,CABA,Instalación y configuración de Drivers Categorías: Servicio técnico,21060,ARS,SINGLE_SERVICE,LOCAL_SERVICE,INSTALACION_DRIVERS,INSTALACION_DRIVERS,CABA::INSTALACION_DRIVERS,INDETERMINATE,generic_price_extractor_v3
9,jadetech_generic,CABA,CABA,"Limpieza de hardware + Cambio de Pasta térmica (Notebook, AIO, CONSOLAS) Categorías: Servicio técnico",26325,ARS,SINGLE_SERVICE,LOCAL_SERVICE,LIMPIEZA_MANTENIMIENTO,LIMPIEZA_MANTENIMIENTO,CABA::LIMPIEZA_MANTENIMIENTO,INDETERMINATE,generic_price_extractor_v3
10,jadetech_generic,CABA,CABA,Limpieza de hardware + Cambio de Pasta térmica (PC) Categorías: Servicio técnico,36855,ARS,SINGLE_SERVICE,LOCAL_SERVICE,LIMPIEZA_MANTENIMIENTO,LIMPIEZA_MANTENIMIENTO,CABA::LIMPIEZA_MANTENIMIENTO,INDETERMINATE,generic_price_extractor_v3
11,jadetech_generic,CABA,CABA,Eliminación de malware Categorías: Servicio técnico,26325,ARS,SINGLE_SERVICE,LOCAL_SERVICE,ELIMINACION_MALWARE,ELIMINACION_MALWARE,CABA::ELIMINACION_MALWARE,INDETERMINATE,generic_price_extractor_v3
12,bitz_generic,Córdoba,Córdoba,PC Antigua Básica,20000,ARS,SCOPE_DEVICE,NONE,,,,INDETERMINATE,generic_price_extractor_v3
13,bitz_generic,Córdoba,Córdoba,PC Gamer Integrados/Básica,40000,ARS,SCOPE_DEVICE,NONE,,,,INDETERMINATE,generic_price_extractor_v3
14,bitz_generic,Córdoba,Córdoba,PC Gamer gama media,55000,ARS,SCOPE_DEVICE,NONE,,,,INDETERMINATE,generic_price_extractor_v3
15,bitz_generic,Córdoba,Córdoba,Notebook básica,65000,ARS,SCOPE_DEVICE,NONE,,,,INDETERMINATE,generic_price_extractor_v3
16,bitz_generic,Córdoba,Córdoba,Notebook gamer estándar,85,ARS,SCOPE_DEVICE,NONE,,,,INDETERMINATE,generic_price_extractor_v3
17,bitz_generic,Córdoba,Córdoba,AIO estándar,65000,ARS,SCOPE_DEVICE,NONE,,,,INDETERMINATE,generic_price_extractor_v3
18,bitz_generic,Córdoba,Córdoba,PC Antigua Básica,25000,ARS,SCOPE_DEVICE,NONE,,,,INDETERMINATE,generic_price_extractor_v3
19,bitz_generic,Córdoba,Córdoba,PC Gamer Integrados/Básica,50000,ARS,SCOPE_DEVICE,NONE,,,,INDETERMINATE,generic_price_extractor_v3
20,bitz_generic,Córdoba,Córdoba,PC Gamer gama media,65000,ARS,SCOPE_DEVICE,NONE,,,,INDETERMINATE,generic_price_extractor_v3
21,bitz_generic,Córdoba,Córdoba,Notebook básica,85000,ARS,SCOPE_DEVICE,NONE,,,,INDETERMINATE,generic_price_extractor_v3
22,bitz_generic,Córdoba,Córdoba,Notebook gamer estándar,100000,ARS,SCOPE_DEVICE,NONE,,,,INDETERMINATE,generic_price_extractor_v3
23,bitz_generic,Córdoba,Córdoba,PC Antigua Básica,15000,ARS,SCOPE_DEVICE,NONE,,,,INDETERMINATE,generic_price_extractor_v3
24,bitz_generic,Córdoba,Córdoba,PC Todas,35000,ARS,SCOPE_DEVICE,NONE,,,,INDETERMINATE,generic_price_extractor_v3
25,bitz_generic,Córdoba,Córdoba,Notebook básica,50000,ARS,SCOPE_DEVICE,NONE,,,,INDETERMINATE,generic_price_extractor_v3
26,bitz_generic,Córdoba,Córdoba,Notebook Gamer/Pro,60000,ARS,SCOPE_DEVICE,NONE,,,,INDETERMINATE,generic_price_extractor_v3
27,bitz_generic,Córdoba,Córdoba,Notebook Ultra/Premium,80000,ARS,SCOPE_DEVICE,NONE,,,,INDETERMINATE,generic_price_extractor_v3
28,bitz_generic,Córdoba,Córdoba,AIO estándar,50000,ARS,SCOPE_DEVICE,NONE,,,,INDETERMINATE,generic_price_extractor_v3
29,bitz_generic,Córdoba,Córdoba,PC Antigua Básica,30000,ARS,SCOPE_DEVICE,NONE,,,,INDETERMINATE,generic_price_extractor_v3
30,bitz_generic,Córdoba,Córdoba,PC Gamer gama media,75000,ARS,SCOPE_DEVICE,NONE,,,,INDETERMINATE,generic_price_extractor_v3
31,bitz_generic,Córdoba,Córdoba,AIO estándar,85000,ARS,SCOPE_DEVICE,NONE,,,,INDETERMINATE,generic_price_extractor_v3
32,bitz_generic,Córdoba,Córdoba,PC Antigua Básica,40000,ARS,SCOPE_DEVICE,NONE,,,,INDETERMINATE,generic_price_extractor_v3
33,bitz_generic,Córdoba,Córdoba,PC Gamer Integrados/Básica,60000,ARS,SCOPE_DEVICE,NONE,,,,INDETERMINATE,generic_price_extractor_v3
34,bitz_generic,Córdoba,Córdoba,PC Gamer gama media,90000,ARS,SCOPE_DEVICE,NONE,,,,INDETERMINATE,generic_price_extractor_v3
35,bitz_generic,Córdoba,Córdoba,Básica,50000,ARS,SCOPE_DEVICE,NONE,,,,INDETERMINATE,generic_price_extractor_v3
36,bitz_generic,Córdoba,Córdoba,Gama Media,70000,ARS,SCOPE_DEVICE,NONE,,,,INDETERMINATE,generic_price_extractor_v3
37,bitz_generic,Córdoba,Córdoba,Gama Media/alta,90000,ARS,SCOPE_DEVICE,NONE,,,,INDETERMINATE,generic_price_extractor_v3
38,bitz_generic,Córdoba,Córdoba,Básica,70000,ARS,SCOPE_DEVICE,NONE,,,,INDETERMINATE,generic_price_extractor_v3
39,bitz_generic,Córdoba,Córdoba,Gama Media,90000,ARS,SCOPE_DEVICE,NONE,,,,INDETERMINATE,generic_price_extractor_v3
40,bitz_generic,Córdoba,Córdoba,Gama Media/alta,110000,ARS,SCOPE_DEVICE,NONE,,,,INDETERMINATE,generic_price_extractor_v3
41,bitz_generic,Córdoba,Córdoba,Básica,45000,ARS,SCOPE_DEVICE,NONE,,,,INDETERMINATE,generic_price_extractor_v3
42,bitz_generic,Córdoba,Córdoba,PC-NOTEBOOK,30000,ARS,SCOPE_DEVICE,NONE,,,,INDETERMINATE,generic_price_extractor_v3
43,bitz_generic,Córdoba,Córdoba,Servicio realizado a distancia.,35000,ARS,SINGLE_SERVICE,REMOTE_NATIONAL_SERVICE,SOPORTE_REMOTO,SOPORTE_REMOTO,AR::SOPORTE_REMOTO,INDETERMINATE,generic_price_extractor_v3
44,bitz_generic,Córdoba,Córdoba,PC Antigua Básica,10000,ARS,SCOPE_DEVICE,NONE,,,,INDETERMINATE,generic_price_extractor_v3
45,bitz_generic,Córdoba,Córdoba,PC Gamer Integrados/Básica,10000,ARS,SCOPE_DEVICE,NONE,,,,INDETERMINATE,generic_price_extractor_v3
46,bitz_generic,Córdoba,Córdoba,PC Gamer gama media,15000,ARS,SCOPE_DEVICE,NONE,,,,INDETERMINATE,generic_price_extractor_v3
47,bitz_generic,Córdoba,Córdoba,Notebook básica,20000,ARS,SCOPE_DEVICE,NONE,,,,INDETERMINATE,generic_price_extractor_v3
48,bitz_generic,Córdoba,Córdoba,AIO estándar,20000,ARS,SCOPE_DEVICE,NONE,,,,INDETERMINATE,generic_price_extractor_v3
49,bitz_generic,Córdoba,Córdoba,Backup de Datos (sin incluir dispositivo de almacenamiento),35000,ARS,SINGLE_SERVICE,LOCAL_SERVICE,BACKUP_DATOS,BACKUP_DATOS,Córdoba::BACKUP_DATOS,INDETERMINATE,generic_price_extractor_v3
50,bitz_generic,Córdoba,Córdoba,Precio:,20000,ARS,NON_OBJECT,NONE,,,,INDETERMINATE,generic_price_extractor_v3
51,bitz_generic,Córdoba,Córdoba,Incluye: Configuración + Programas Básicos Optimización,40000,ARS,SINGLE_SERVICE,LOCAL_SERVICE,INSTALACION_PROGRAMAS,INSTALACION_PROGRAMAS,Córdoba::INSTALACION_PROGRAMAS,INDETERMINATE,generic_price_extractor_v3
52,bitz_generic,Córdoba,Córdoba,Precio:,24000,ARS,NON_OBJECT,NONE,,,,INDETERMINATE,generic_price_extractor_v3
53,bitz_generic,Córdoba,Córdoba,Precio:,30000,ARS,NON_OBJECT,NONE,,,,INDETERMINATE,generic_price_extractor_v3
54,bitz_generic,Córdoba,Córdoba,Precio:,40000,ARS,NON_OBJECT,NONE,,,,INDETERMINATE,generic_price_extractor_v3
55,bitz_generic,Córdoba,Córdoba,Problemas Generales.,40000,ARS,NON_OBJECT,NONE,,,,INDETERMINATE,generic_price_extractor_v3
56,bitz_generic,Córdoba,Córdoba,Reparación de inicio de Windows,40000,ARS,SINGLE_SERVICE,LOCAL_SERVICE,REPARACION_INICIO_WINDOWS,REPARACION_INICIO_WINDOWS,Córdoba::REPARACION_INICIO_WINDOWS,INDETERMINATE,generic_price_extractor_v3
57,bitz_generic,Córdoba,Córdoba,Hard Reset + Configuración tablets-celulares-iPads,45000,ARS,SINGLE_SERVICE,LOCAL_SERVICE,HARD_RESET,HARD_RESET,Córdoba::HARD_RESET,INDETERMINATE,generic_price_extractor_v3
58,bairescloud_generic,Buenos Aires,Buenos Aires,Diagnostico / Revisión PC-Notebook-AIO,30000,ARS,SINGLE_SERVICE,LOCAL_SERVICE,DIAGNOSTICO_REVISION,DIAGNOSTICO_REVISION,Buenos Aires::DIAGNOSTICO_REVISION,INDETERMINATE,generic_price_extractor_v3
59,bairescloud_generic,Buenos Aires,Buenos Aires,Formateo e instalación de SO PC-Notebook-AIO,86000,ARS,SINGLE_SERVICE,LOCAL_SERVICE,FORMATEO_INSTALACION_SO,FORMATEO_INSTALACION_SO,Buenos Aires::FORMATEO_INSTALACION_SO,INDETERMINATE,generic_price_extractor_v3
60,bairescloud_generic,Buenos Aires,Buenos Aires,Limpieza de Hardware PC-Notebook-AIO,40000,ARS,SINGLE_SERVICE,LOCAL_SERVICE,LIMPIEZA_MANTENIMIENTO,LIMPIEZA_MANTENIMIENTO,Buenos Aires::LIMPIEZA_MANTENIMIENTO,INDETERMINATE,generic_price_extractor_v3
61,bairescloud_generic,Buenos Aires,Buenos Aires,Formateo de SO + Soft Básico + BackUp 100gb + SSD PC-Notebook-AIO,126000,ARS,COMPOSITE_SERVICE,MIXED_OR_UNKNOWN,FORMATEO_INSTALACION_SO|BACKUP_DATOS,,,INDETERMINATE,generic_price_extractor_v3
62,bairescloud_generic,Buenos Aires,Buenos Aires,BackUp de Datos cada 100gb Extras PC-Notebook-AIO,38000,ARS,SINGLE_SERVICE,LOCAL_SERVICE,BACKUP_DATOS,BACKUP_DATOS,Buenos Aires::BACKUP_DATOS,INDETERMINATE,generic_price_extractor_v3
63,bairescloud_generic,Buenos Aires,Buenos Aires,Start Up Equipo Nuevo PC-Notebook-AIO,78000,ARS,SINGLE_SERVICE,LOCAL_SERVICE,CONFIGURACION_EQUIPO,CONFIGURACION_EQUIPO,Buenos Aires::CONFIGURACION_EQUIPO,INDETERMINATE,generic_price_extractor_v3
64,bairescloud_generic,Buenos Aires,Buenos Aires,Instalación Programas OpenSource x1 PC-Notebook-AIO,30000,ARS,SINGLE_SERVICE,LOCAL_SERVICE,INSTALACION_PROGRAMAS,INSTALACION_PROGRAMAS,Buenos Aires::INSTALACION_PROGRAMAS,INDETERMINATE,generic_price_extractor_v3
65,bairescloud_generic,Buenos Aires,Buenos Aires,Instalación Programas comerciales x1 PC-Notebook-AIO,34000,ARS,SINGLE_SERVICE,LOCAL_SERVICE,INSTALACION_PROGRAMAS,INSTALACION_PROGRAMAS,Buenos Aires::INSTALACION_PROGRAMAS,INDETERMINATE,generic_price_extractor_v3
66,bairescloud_generic,Buenos Aires,Buenos Aires,Instalación y configuración de Drivers PC-Notebook-AIO,38000,ARS,SINGLE_SERVICE,LOCAL_SERVICE,INSTALACION_DRIVERS,INSTALACION_DRIVERS,Buenos Aires::INSTALACION_DRIVERS,INDETERMINATE,generic_price_extractor_v3
67,bairescloud_generic,Buenos Aires,Buenos Aires,Eliminación de malware / spyware PC-Notebook-AIO,46000,ARS,SINGLE_SERVICE,LOCAL_SERVICE,ELIMINACION_MALWARE,ELIMINACION_MALWARE,Buenos Aires::ELIMINACION_MALWARE,INDETERMINATE,generic_price_extractor_v3
68,bairescloud_generic,Buenos Aires,Buenos Aires,Conexión Remota x 1 HS PC-Notebook-AIO,30000,ARS,SINGLE_SERVICE,REMOTE_NATIONAL_SERVICE,SOPORTE_REMOTO,SOPORTE_REMOTO,AR::SOPORTE_REMOTO,INDETERMINATE,generic_price_extractor_v3
69,bairescloud_generic,Buenos Aires,Buenos Aires,Visita a domicilio x 1 HS PC-Notebook-AIO,50000,ARS,SINGLE_SERVICE,LOCAL_SERVICE,VISITA_TECNICA_DOMICILIO,VISITA_TECNICA_DOMICILIO,Buenos Aires::VISITA_TECNICA_DOMICILIO,INDETERMINATE,generic_price_extractor_v3
70,bairescloud_generic,Buenos Aires,Buenos Aires,Visita a domicilio x 1 HS (Emergencia fuera de HS) PC-Notebook-AIO,98000,ARS,SINGLE_SERVICE,LOCAL_SERVICE,VISITA_TECNICA_DOMICILIO,VISITA_TECNICA_DOMICILIO,Buenos Aires::VISITA_TECNICA_DOMICILIO,INDETERMINATE,generic_price_extractor_v3
71,bairescloud_generic,Buenos Aires,Buenos Aires,Clonado de disco sin errores SMART PC-Notebook-AIO,78000,ARS,SINGLE_SERVICE,LOCAL_SERVICE,CLONADO_DISCO,CLONADO_DISCO,Buenos Aires::CLONADO_DISCO,INDETERMINATE,generic_price_extractor_v3
72,bairescloud_generic,Buenos Aires,Buenos Aires,Clonado de disco con errores SMART PC-Notebook-AIO,126000,ARS,SINGLE_SERVICE,LOCAL_SERVICE,CLONADO_DISCO,CLONADO_DISCO,Buenos Aires::CLONADO_DISCO,INDETERMINATE,generic_price_extractor_v3
73,bairescloud_generic,Buenos Aires,Buenos Aires,Reparación de inicio de Windows - User Restart PC-Notebook-AIO,70000,ARS,SINGLE_SERVICE,LOCAL_SERVICE,REPARACION_INICIO_WINDOWS,REPARACION_INICIO_WINDOWS,Buenos Aires::REPARACION_INICIO_WINDOWS,INDETERMINATE,generic_price_extractor_v3
74,bairescloud_generic,Buenos Aires,Buenos Aires,Armado de PC básico PC,130000,ARS,SINGLE_SERVICE,LOCAL_SERVICE,ARMADO_PC,ARMADO_PC,Buenos Aires::ARMADO_PC,INDETERMINATE,generic_price_extractor_v3
75,bairescloud_generic,Buenos Aires,Buenos Aires,Armado de PC gamer PC,210000,ARS,SINGLE_SERVICE,LOCAL_SERVICE,ARMADO_PC,ARMADO_PC,Buenos Aires::ARMADO_PC,INDETERMINATE,generic_price_extractor_v3
76,bairescloud_generic,Buenos Aires,Buenos Aires,Cambio de componentes Hardware x1 PC,38000,ARS,SINGLE_SERVICE,LOCAL_SERVICE,REPARACION_HARDWARE,REPARACION_HARDWARE,Buenos Aires::REPARACION_HARDWARE,INDETERMINATE,generic_price_extractor_v3
77,bairescloud_generic,Buenos Aires,Buenos Aires,Limpieza de hardware + Pasta térmica PC,46000,ARS,SINGLE_SERVICE,LOCAL_SERVICE,LIMPIEZA_MANTENIMIENTO,LIMPIEZA_MANTENIMIENTO,Buenos Aires::LIMPIEZA_MANTENIMIENTO,INDETERMINATE,generic_price_extractor_v3
78,bairescloud_generic,Buenos Aires,Buenos Aires,Limpieza de hardware + Pasta térmica Notebook-AIO,72000,ARS,SINGLE_SERVICE,LOCAL_SERVICE,LIMPIEZA_MANTENIMIENTO,LIMPIEZA_MANTENIMIENTO,Buenos Aires::LIMPIEZA_MANTENIMIENTO,INDETERMINATE,generic_price_extractor_v3
79,bairescloud_generic,Buenos Aires,Buenos Aires,Cambio de Flex Notebook,78000,ARS,SINGLE_SERVICE,LOCAL_SERVICE,REPARACION_HARDWARE,REPARACION_HARDWARE,Buenos Aires::REPARACION_HARDWARE,INDETERMINATE,generic_price_extractor_v3
80,bairescloud_generic,Buenos Aires,Buenos Aires,Cambio de Pantalla Notebook,58000,ARS,SINGLE_SERVICE,LOCAL_SERVICE,REPARACION_HARDWARE,REPARACION_HARDWARE,Buenos Aires::REPARACION_HARDWARE,INDETERMINATE,generic_price_extractor_v3
81,bairescloud_generic,Buenos Aires,Buenos Aires,Cambio de Teclado Notebook,58000,ARS,SINGLE_SERVICE,LOCAL_SERVICE,REPARACION_HARDWARE,REPARACION_HARDWARE,Buenos Aires::REPARACION_HARDWARE,INDETERMINATE,generic_price_extractor_v3
82,bairescloud_generic,Buenos Aires,Buenos Aires,Hard Reset (Config tablets-celulares-iPads) Celulares-Tablets,70000,ARS,SINGLE_SERVICE,LOCAL_SERVICE,HARD_RESET,HARD_RESET,Buenos Aires::HARD_RESET,INDETERMINATE,generic_price_extractor_v3
83,bairescloud_generic,Buenos Aires,Buenos Aires,Web / Email Hosting - Full Managed Web / Email Hosting x MES,38000,ARS,SINGLE_SERVICE,REMOTE_NATIONAL_SERVICE,HOSTING_ADMINISTRADO,HOSTING_ADMINISTRADO,AR::HOSTING_ADMINISTRADO,INDETERMINATE,generic_price_extractor_v3
84,bairescloud_generic,Buenos Aires,Buenos Aires,VPS Full Managed VPS x MES,78000,ARS,SINGLE_SERVICE,REMOTE_NATIONAL_SERVICE,VPS_ADMINISTRADO,VPS_ADMINISTRADO,AR::VPS_ADMINISTRADO,INDETERMINATE,generic_price_extractor_v3
85,cirowhite_generic,Tucumán,San Miguel de Tucumán,📱 Celulares Reparación de smartphones de todas las marcas. Entrega en 24-48 horas. Cambio de pantalla / módulo Reemplazo de batería Reparación conector de carga Recuperación de datos,20000,ARS,COMPOSITE_SERVICE,MIXED_OR_UNKNOWN,RECUPERACION_DATOS|REPARACION_HARDWARE,,,INDETERMINATE,generic_price_extractor_v3
86,cirowhite_generic,Tucumán,San Miguel de Tucumán,"💻 PC & Notebooks Mantenimiento, formateo y reparación de computadoras de escritorio y portátiles. Limpieza + pasta térmica Formateo con backup Instalación SO + drivers Reparación de bisagras y pantalla",35000,ARS,COMPOSITE_SERVICE,MIXED_OR_UNKNOWN,FORMATEO_INSTALACION_SO|LIMPIEZA_MANTENIMIENTO|BACKUP_DATOS|INSTALACION_DRIVERS|REPARACION_HARDWARE,,,INDETERMINATE,generic_price_extractor_v3
87,cirowhite_generic,Tucumán,San Miguel de Tucumán,🖨️ Impresoras Servicio técnico para impresoras inkjet y láser de todas las marcas. Limpieza de cabezales Reset de almohadillas Mantenimiento preventivo Reparación electrónica,5000,ARS,COMPOSITE_SERVICE,MIXED_OR_UNKNOWN,LIMPIEZA_MANTENIMIENTO|REPARACION_HARDWARE|SERVICIO_IMPRESORAS,,,INDETERMINATE,generic_price_extractor_v3
88,cirowhite_generic,Tucumán,San Miguel de Tucumán,🔍 Diagnóstico Se bonifica si realizás el trabajo Evaluación completa Informe escrito de la falla Aplica a inkjet y láser Presupuesto sin compromiso Pedir diagnóstico,5000,ARS,COMPOSITE_SERVICE,MIXED_OR_UNKNOWN,DIAGNOSTICO_REVISION|SERVICIO_IMPRESORAS,,,INDETERMINATE,generic_price_extractor_v3
89,cirowhite_generic,Tucumán,San Miguel de Tucumán,🖨️ Mantenimiento Preventivo Inkjet $45-60k · Láser $55-75k Limpieza y lubricación Limpieza de cabezales Reset almohadillas Garantía por escrito Retiro y entrega incluidos Consultar ahora,45000,ARS,COMPOSITE_SERVICE,MIXED_OR_UNKNOWN,LIMPIEZA_MANTENIMIENTO|SERVICIO_IMPRESORAS,,,INDETERMINATE,generic_price_extractor_v3
90,cirowhite_generic,Tucumán,San Miguel de Tucumán,⚙️ Reparación Electrónica Según diagnóstico previo Cambio de rodillos Reparación fuente / placa Cabezales por ultrasonido Garantía incluida Consultar ahora,35000,ARS,COMPOSITE_SERVICE,MIXED_OR_UNKNOWN,REPARACION_HARDWARE|SERVICIO_IMPRESORAS,,,INDETERMINATE,generic_price_extractor_v3
91,cirowhite_generic,Tucumán,San Miguel de Tucumán,🧹 Limpieza + Pasta Térmica Mejora rendimiento y temperatura Limpieza física interna Cambio de pasta térmica Diagnóstico de componentes Garantía incluida Consultar ahora,35000,ARS,SINGLE_SERVICE,LOCAL_SERVICE,LIMPIEZA_MANTENIMIENTO,LIMPIEZA_MANTENIMIENTO,Tucumán::LIMPIEZA_MANTENIMIENTO,INDETERMINATE,generic_price_extractor_v3
92,cirowhite_generic,Tucumán,San Miguel de Tucumán,💻 Formateo + Sistema Operativo Con backup de hasta 100GB incluido Formateo completo con backup Instalación SO + drivers Software base incluido Entrega en 24-48 horas Retiro y entrega incluidos Consultar ahora,35000,ARS,COMPOSITE_SERVICE,MIXED_OR_UNKNOWN,FORMATEO_INSTALACION_SO|BACKUP_DATOS|INSTALACION_DRIVERS|INSTALACION_PROGRAMAS,,,INDETERMINATE,generic_price_extractor_v3
93,cirowhite_generic,Tucumán,San Miguel de Tucumán,🔧 Reparaciones Físicas Mano de obra según el trabajo Bisagras y carcasas Reemplazo pantalla o teclado PIN de carga / DC-Jack Soldadura incluida Consultar ahora,20000,ARS,SINGLE_SERVICE,LOCAL_SERVICE,REPARACION_HARDWARE,REPARACION_HARDWARE,Tucumán::REPARACION_HARDWARE,INDETERMINATE,generic_price_extractor_v3
94,cirowhite_generic,Tucumán,San Miguel de Tucumán,🧹 Limpieza + Optimización La PC vuelve a andar como nueva Limpieza integral interna Cambio de pasta térmica Eliminación virus y basura Optimización del sistema Consultar ahora,35000,ARS,COMPOSITE_SERVICE,MIXED_OR_UNKNOWN,LIMPIEZA_MANTENIMIENTO|ELIMINACION_MALWARE,,,INDETERMINATE,generic_price_extractor_v3
95,cirowhite_generic,Tucumán,San Miguel de Tucumán,"🖥️ Armado de PC Gamer o profesional Armado con tus componentes Instalación SO + drivers Instalación componentes: $25.000 Placa de video, RAM, SSD Garantía de mano de obra Consultar ahora",40000,ARS,COMPOSITE_SERVICE,MIXED_OR_UNKNOWN,FORMATEO_INSTALACION_SO|INSTALACION_DRIVERS|ARMADO_PC,,,INDETERMINATE,generic_price_extractor_v3
96,cirowhite_generic,Tucumán,San Miguel de Tucumán,"Armado con tus componentes Instalación SO + drivers Placa de video, RAM, SSD Garantía de mano de obra",25000,ARS,COMPOSITE_SERVICE,MIXED_OR_UNKNOWN,FORMATEO_INSTALACION_SO|INSTALACION_DRIVERS|ARMADO_PC,,,INDETERMINATE,generic_price_extractor_v3
97,cirowhite_generic,Tucumán,San Miguel de Tucumán,⚡ Reparación Electrónica Diagnóstico previo incluido Reparación fuente de poder Diagnóstico placa madre Reparación de componentes Garantía por escrito Consultar ahora,45000,ARS,SINGLE_SERVICE,LOCAL_SERVICE,REPARACION_HARDWARE,REPARACION_HARDWARE,Tucumán::REPARACION_HARDWARE,INDETERMINATE,generic_price_extractor_v3
98,dmr_generic,Mendoza,Mendoza,Freelance / taller,49700,ARS,SCOPE_DEVICE,NONE,,,,INDETERMINATE,generic_price_extractor_v3
99,dmr_generic,Mendoza,Mendoza,Freelance / taller,77300,ARS,SCOPE_DEVICE,NONE,,,,INDETERMINATE,generic_price_extractor_v3
100,dmr_generic,Mendoza,Mendoza,Freelance / taller,11000,ARS,SCOPE_DEVICE,NONE,,,,INDETERMINATE,generic_price_extractor_v3
101,dmr_generic,Mendoza,Mendoza,Freelance / taller,33000,ARS,SCOPE_DEVICE,NONE,,,,INDETERMINATE,generic_price_extractor_v3
102,dmr_generic,Mendoza,Mendoza,Freelance / taller,22000,ARS,SCOPE_DEVICE,NONE,,,,INDETERMINATE,generic_price_extractor_v3
103,dmr_generic,Mendoza,Mendoza,Freelance / taller,29000,ARS,SCOPE_DEVICE,NONE,,,,INDETERMINATE,generic_price_extractor_v3
104,dmr_generic,Mendoza,Mendoza,Freelance / taller,43800,ARS,SCOPE_DEVICE,NONE,,,,INDETERMINATE,generic_price_extractor_v3
105,dmr_generic,Mendoza,Mendoza,Freelance / taller,16500,ARS,SCOPE_DEVICE,NONE,,,,INDETERMINATE,generic_price_extractor_v3
106,dmr_generic,Mendoza,Mendoza,Freelance / taller,55200,ARS,SCOPE_DEVICE,NONE,,,,INDETERMINATE,generic_price_extractor_v3
107,dmr_generic,Mendoza,Mendoza,Freelance / taller,89400,ARS,SCOPE_DEVICE,NONE,,,,INDETERMINATE,generic_price_extractor_v3
108,dmr_generic,Mendoza,Mendoza,Freelance / taller,24300,ARS,SCOPE_DEVICE,NONE,,,,INDETERMINATE,generic_price_extractor_v3
109,dmr_generic,Mendoza,Mendoza,Freelance / taller,60800,ARS,SCOPE_DEVICE,NONE,,,,INDETERMINATE,generic_price_extractor_v3
110,dmr_generic,Mendoza,Mendoza,Freelance / taller,36500,ARS,SCOPE_DEVICE,NONE,,,,INDETERMINATE,generic_price_extractor_v3
111,dmr_generic,Mendoza,Mendoza,Freelance / taller,34000,ARS,SCOPE_DEVICE,NONE,,,,INDETERMINATE,generic_price_extractor_v3
112,masterfix_caba,CABA,CABA,Limpieza + cambio de pasta térmica,28000,ARS,SINGLE_SERVICE,LOCAL_SERVICE,LIMPIEZA_MANTENIMIENTO,LIMPIEZA_MANTENIMIENTO,CABA::LIMPIEZA_MANTENIMIENTO,INDETERMINATE,generic_price_extractor_v3
113,masterfix_caba,CABA,CABA,Formateo + Windows + programas básicos,55000,ARS,COMPOSITE_SERVICE,MIXED_OR_UNKNOWN,FORMATEO_INSTALACION_SO|INSTALACION_PROGRAMAS,,,INDETERMINATE,generic_price_extractor_v3
114,masterfix_caba,CABA,CABA,Combo Limpieza + Formateo + Backup,75000,ARS,COMPOSITE_SERVICE,MIXED_OR_UNKNOWN,FORMATEO_INSTALACION_SO|LIMPIEZA_MANTENIMIENTO|BACKUP_DATOS,,,INDETERMINATE,generic_price_extractor_v3
115,masterfix_caba,CABA,CABA,Cambio de componente / Armado,25000,ARS,COMPOSITE_SERVICE,MIXED_OR_UNKNOWN,ARMADO_PC|REPARACION_HARDWARE,,,INDETERMINATE,generic_price_extractor_v3
116,reparacionespc_caba,CABA,CABA,"Formateo e instalación de Windows: $80.000 Limpieza interna completa: $65.000 Cambio a disco SSD: a presupuestar según capacidad Cambio de pantalla de notebook: a presupuestar según marca, modelo y tipo de panel",65000,ARS,COMPOSITE_SERVICE,MIXED_OR_UNKNOWN,FORMATEO_INSTALACION_SO|LIMPIEZA_MANTENIMIENTO|REPARACION_HARDWARE,,,INDETERMINATE,generic_price_extractor_v3
117,pclaf_caba,CABA,CABA,Lo que hacemos Service técnico con precio claro,70000,ARS,NON_OBJECT,NONE,,,,INDETERMINATE,generic_price_extractor_v3
118,pclaf_caba,CABA,CABA,"01 · Mantenimiento Limpieza + pasta térmica Desarme completo, limpieza profunda y pasta Arctic MX-4. Bajamos la temperatura entre 20 y 40°C.",70000,ARS,SINGLE_SERVICE,LOCAL_SERVICE,LIMPIEZA_MANTENIMIENTO,LIMPIEZA_MANTENIMIENTO,CABA::LIMPIEZA_MANTENIMIENTO,INDETERMINATE,generic_price_extractor_v3
119,pclaf_caba,CABA,CABA,"02 · Sistema operativo Formateo PC / Notebook Windows limpio, drivers actualizados y programas básicos. Listo en el día.",70000,ARS,COMPOSITE_SERVICE,MIXED_OR_UNKNOWN,FORMATEO_INSTALACION_SO|INSTALACION_DRIVERS|INSTALACION_PROGRAMAS,,,INDETERMINATE,generic_price_extractor_v3
120,pclaf_caba,CABA,CABA,"03 · Diagnóstico Service general Revisión completa de hardware, limpieza y diagnóstico de todos los componentes.",70000,ARS,COMPOSITE_SERVICE,MIXED_OR_UNKNOWN,DIAGNOSTICO_REVISION|LIMPIEZA_MANTENIMIENTO,,,INDETERMINATE,generic_price_extractor_v3
121,mb_soluciones_caba,CABA,Mataderos,Diagnóstico / revisión,25000,ARS,SINGLE_SERVICE,LOCAL_SERVICE,DIAGNOSTICO_REVISION,DIAGNOSTICO_REVISION,CABA::DIAGNOSTICO_REVISION,INDETERMINATE,generic_price_extractor_v3
122,mb_soluciones_caba,CABA,Mataderos,Mantenimiento y limpieza,45000,ARS,SINGLE_SERVICE,LOCAL_SERVICE,LIMPIEZA_MANTENIMIENTO,LIMPIEZA_MANTENIMIENTO,CABA::LIMPIEZA_MANTENIMIENTO,INDETERMINATE,generic_price_extractor_v3
123,mb_soluciones_caba,CABA,Mataderos,Formateo + sistema operativo,85000,ARS,SINGLE_SERVICE,LOCAL_SERVICE,FORMATEO_INSTALACION_SO,FORMATEO_INSTALACION_SO,CABA::FORMATEO_INSTALACION_SO,INDETERMINATE,generic_price_extractor_v3
124,mb_soluciones_caba,CABA,Mataderos,Backup / migración de datos,35000,ARS,SINGLE_SERVICE,LOCAL_SERVICE,BACKUP_DATOS,BACKUP_DATOS,CABA::BACKUP_DATOS,INDETERMINATE,generic_price_extractor_v3
125,mb_soluciones_caba,CABA,Mataderos,Armado o actualización de PC,90000,ARS,SINGLE_SERVICE,LOCAL_SERVICE,ARMADO_PC,ARMADO_PC,CABA::ARMADO_PC,INDETERMINATE,generic_price_extractor_v3
126,mb_soluciones_caba,CABA,Mataderos,Visita técnica / relevamiento,45000,ARS,SINGLE_SERVICE,LOCAL_SERVICE,VISITA_TECNICA_DOMICILIO,VISITA_TECNICA_DOMICILIO,CABA::VISITA_TECNICA_DOMICILIO,INDETERMINATE,generic_price_extractor_v3
127,mb_soluciones_caba,CABA,Mataderos,Mano de obra por cámara,45000,ARS,SINGLE_SERVICE,LOCAL_SERVICE,CCTV_INSTALACION_MANO_OBRA,CCTV_INSTALACION_MANO_OBRA,CABA::CCTV_INSTALACION_MANO_OBRA,INDETERMINATE,generic_price_extractor_v3
128,mb_soluciones_caba,CABA,Mataderos,Kit 4 cámaras · mano de obra,220000,ARS,SINGLE_SERVICE,LOCAL_SERVICE,CCTV_INSTALACION_MANO_OBRA,CCTV_INSTALACION_MANO_OBRA,CABA::CCTV_INSTALACION_MANO_OBRA,INDETERMINATE,generic_price_extractor_v3
129,mb_soluciones_caba,CABA,Mataderos,Kit 8 cámaras · mano de obra,420000,ARS,SINGLE_SERVICE,LOCAL_SERVICE,CCTV_INSTALACION_MANO_OBRA,CCTV_INSTALACION_MANO_OBRA,CABA::CCTV_INSTALACION_MANO_OBRA,INDETERMINATE,generic_price_extractor_v3
130,mb_soluciones_caba,CABA,Mataderos,Puesta a punto / revisión CCTV,60000,ARS,SINGLE_SERVICE,LOCAL_SERVICE,DIAGNOSTICO_REVISION,DIAGNOSTICO_REVISION,CABA::DIAGNOSTICO_REVISION,INDETERMINATE,generic_price_extractor_v3
131,mb_soluciones_caba,CABA,Mataderos,Landing page profesional,180000,ARS,SINGLE_SERVICE,REMOTE_NATIONAL_SERVICE,WEB_LANDING,WEB_LANDING,AR::WEB_LANDING,INDETERMINATE,generic_price_extractor_v3
132,mb_soluciones_caba,CABA,Mataderos,Sitio institucional,320000,ARS,SINGLE_SERVICE,REMOTE_NATIONAL_SERVICE,WEB_SITIO_INSTITUCIONAL,WEB_SITIO_INSTITUCIONAL,AR::WEB_SITIO_INSTITUCIONAL,INDETERMINATE,generic_price_extractor_v3
133,mb_soluciones_caba,CABA,Mataderos,Catálogo / tienda inicial,650000,ARS,SINGLE_SERVICE,REMOTE_NATIONAL_SERVICE,WEB_ECOMMERCE,WEB_ECOMMERCE,AR::WEB_ECOMMERCE,INDETERMINATE,generic_price_extractor_v3
134,mb_soluciones_caba,CABA,Mataderos,Mantenimiento web mensual,45000,ARS,SINGLE_SERVICE,REMOTE_NATIONAL_SERVICE,WEB_MANTENIMIENTO,WEB_MANTENIMIENTO,AR::WEB_MANTENIMIENTO,INDETERMINATE,generic_price_extractor_v3
135,mb_soluciones_caba,CABA,Mataderos,Hosting administrado,15000,ARS,SINGLE_SERVICE,REMOTE_NATIONAL_SERVICE,HOSTING_ADMINISTRADO,HOSTING_ADMINISTRADO,AR::HOSTING_ADMINISTRADO,INDETERMINATE,generic_price_extractor_v3
136,pcdoctor_caba,CABA,CABA,Atencion en el domicilio,15000,ARS,SINGLE_SERVICE,LOCAL_SERVICE,VISITA_TECNICA_DOMICILIO,VISITA_TECNICA_DOMICILIO,CABA::VISITA_TECNICA_DOMICILIO,INDETERMINATE,generic_price_extractor_v3
137,taja_service_caba,CABA,CABA,Servicio Técnico a Domicilio,9000,ARS,SINGLE_SERVICE,LOCAL_SERVICE,VISITA_TECNICA_DOMICILIO,VISITA_TECNICA_DOMICILIO,CABA::VISITA_TECNICA_DOMICILIO,INDETERMINATE,generic_price_extractor_v3
138,mariopc_ba,Buenos Aires,Olivos,Desde,58000,ARS,NON_OBJECT,NONE,,,,INDETERMINATE,generic_price_extractor_v3
139,mariopc_ba,Buenos Aires,Olivos,Desde,66000,ARS,NON_OBJECT,NONE,,,,INDETERMINATE,generic_price_extractor_v3
140,mariopc_ba,Buenos Aires,Olivos,Desde,27000,ARS,NON_OBJECT,NONE,,,,INDETERMINATE,generic_price_extractor_v3
141,mariopc_ba,Buenos Aires,Olivos,Desde,25000,ARS,NON_OBJECT,NONE,,,,INDETERMINATE,generic_price_extractor_v3
142,mariopc_ba,Buenos Aires,Olivos,Desde,47000,ARS,NON_OBJECT,NONE,,,,INDETERMINATE,generic_price_extractor_v3
143,mariopc_ba,Buenos Aires,Olivos,Desde,83000,ARS,NON_OBJECT,NONE,,,,INDETERMINATE,generic_price_extractor_v3
144,informatica_del_plata_ba,Buenos Aires,La Plata,Revisión / Diagnostico (Se descuenta de la reparación),20000,ARS,SINGLE_SERVICE,LOCAL_SERVICE,DIAGNOSTICO_REVISION,DIAGNOSTICO_REVISION,Buenos Aires::DIAGNOSTICO_REVISION,INDETERMINATE,generic_price_extractor_v3
145,informatica_del_plata_ba,Buenos Aires,La Plata,Servicio técnico a domicilio (sólo empresas) Hora Inicial ó fracción $ 28.000 Hora adicional,44000,ARS,SINGLE_SERVICE,LOCAL_SERVICE,VISITA_TECNICA_DOMICILIO,VISITA_TECNICA_DOMICILIO,Buenos Aires::VISITA_TECNICA_DOMICILIO,INDETERMINATE,generic_price_extractor_v3
146,informatica_del_plata_ba,Buenos Aires,La Plata,"Servicio técnico a domicilio (Urgencias, fines de semana, feriados) Hora Inicial ó fracción $ 28.000 Hora adicional",80000,ARS,SINGLE_SERVICE,LOCAL_SERVICE,VISITA_TECNICA_DOMICILIO,VISITA_TECNICA_DOMICILIO,Buenos Aires::VISITA_TECNICA_DOMICILIO,INDETERMINATE,generic_price_extractor_v3
147,informatica_del_plata_ba,Buenos Aires,La Plata,Servicio técnico/Instalaciones por acceso remoto Hora Inicial o fracción $ 10.000 Hora adicional o fracción,28000,ARS,SINGLE_SERVICE,REMOTE_NATIONAL_SERVICE,SOPORTE_REMOTO,SOPORTE_REMOTO,AR::SOPORTE_REMOTO,INDETERMINATE,generic_price_extractor_v3
148,informatica_del_plata_ba,Buenos Aires,La Plata,"Servicio técnico/Instalaciones por acceso remoto (Urgencias, fines de semana, feriados) Hora Inicial o fracción $ 20.000 Hora adicional o fracción",48000,ARS,SINGLE_SERVICE,REMOTE_NATIONAL_SERVICE,SOPORTE_REMOTO,SOPORTE_REMOTO,AR::SOPORTE_REMOTO,INDETERMINATE,generic_price_extractor_v3
149,informatica_del_plata_ba,Buenos Aires,La Plata,Instalación/reinstalación sistema Windows/programas,58000,ARS,COMPOSITE_SERVICE,MIXED_OR_UNKNOWN,FORMATEO_INSTALACION_SO|INSTALACION_PROGRAMAS,,,INDETERMINATE,generic_price_extractor_v3
150,informatica_del_plata_ba,Buenos Aires,La Plata,Reinstalación sistema Windows/programas/backup y restore,68000,ARS,COMPOSITE_SERVICE,MIXED_OR_UNKNOWN,FORMATEO_INSTALACION_SO|BACKUP_DATOS|INSTALACION_PROGRAMAS,,,INDETERMINATE,generic_price_extractor_v3
151,informatica_del_plata_ba,Buenos Aires,La Plata,Armado PC/Soporte/Garantía/Instalacion Windows/Programas,78000,ARS,COMPOSITE_SERVICE,MIXED_OR_UNKNOWN,FORMATEO_INSTALACION_SO|INSTALACION_PROGRAMAS|ARMADO_PC,,,INDETERMINATE,generic_price_extractor_v3
152,informatica_del_plata_ba,Buenos Aires,La Plata,Armado PC Gamer/Soporte/garantía/Instalacion Windows/Programas (incluye gestión de cables y test de temperaturas),98000,ARS,COMPOSITE_SERVICE,MIXED_OR_UNKNOWN,FORMATEO_INSTALACION_SO|INSTALACION_PROGRAMAS|ARMADO_PC,,,INDETERMINATE,generic_price_extractor_v3
153,informatica_del_plata_ba,Buenos Aires,La Plata,Mantenimiento completo notebook backup/restore desarmado limpieza grasa disipadora formateo y reinstalación,78000,ARS,COMPOSITE_SERVICE,MIXED_OR_UNKNOWN,FORMATEO_INSTALACION_SO|LIMPIEZA_MANTENIMIENTO|BACKUP_DATOS,,,INDETERMINATE,generic_price_extractor_v3
154,informatica_del_plata_ba,Buenos Aires,La Plata,"Instalacion software avanzado (Adobe, Autocad, etc.) (Incluye dos meses de garantía en caso de registro de licencias no originales) / programa",38000,ARS,SINGLE_SERVICE,LOCAL_SERVICE,INSTALACION_PROGRAMAS,INSTALACION_PROGRAMAS,Buenos Aires::INSTALACION_PROGRAMAS,INDETERMINATE,generic_price_extractor_v3
155,informatica_del_plata_ba,Buenos Aires,La Plata,Instalación/reinstalación Servidor Windows 10/11 backup/restore a $ 180.000 (Consulte),110000,ARS,COMPOSITE_SERVICE,MIXED_OR_UNKNOWN,FORMATEO_INSTALACION_SO|BACKUP_DATOS,,,INDETERMINATE,generic_price_extractor_v3
156,informatica_del_plata_ba,Buenos Aires,La Plata,Instalación/reinstalación Servidor Linux backup/restore a $ 190.000 (Consulte),140000,ARS,COMPOSITE_SERVICE,MIXED_OR_UNKNOWN,FORMATEO_INSTALACION_SO|BACKUP_DATOS,,,INDETERMINATE,generic_price_extractor_v3
157,informatica_del_plata_ba,Buenos Aires,La Plata,Servicio de programación/desarrollo (x hora),98000,ARS,SINGLE_SERVICE,REMOTE_NATIONAL_SERVICE,DESARROLLO_SOFTWARE_HORA,DESARROLLO_SOFTWARE_HORA,AR::DESARROLLO_SOFTWARE_HORA,INDETERMINATE,generic_price_extractor_v3
158,informatica_del_plata_ba,Buenos Aires,La Plata,Recuperación de datos fallas logicas a $ 180.000,100000,ARS,SINGLE_SERVICE,LOCAL_SERVICE,RECUPERACION_DATOS,RECUPERACION_DATOS,Buenos Aires::RECUPERACION_DATOS,INDETERMINATE,generic_price_extractor_v3
159,servipc_bahia_ba,Buenos Aires,Bahía Blanca,"Ticket Básico u$s 12,-",20000,ARS,PRICE_CONTEXT,NONE,,,,INDETERMINATE,generic_price_extractor_v3
160,servipc_bahia_ba,Buenos Aires,Bahía Blanca,"Ticket Medio u$s 20,-",30000,ARS,PRICE_CONTEXT,NONE,,,,INDETERMINATE,generic_price_extractor_v3
161,servipc_bahia_ba,Buenos Aires,Bahía Blanca,"Ticket Avanzado u$s 28,-",40000,ARS,PRICE_CONTEXT,NONE,,,,INDETERMINATE,generic_price_extractor_v3
162,mobo_mdp_ba,Buenos Aires,Mar del Plata,RYZEN 5 7600 CPU 6700XT GPU DDR5 16GB RAM M2 1TB Storage,1750000,ARS,HARDWARE_PRODUCT,GOODS_MARKET,,,,INDETERMINATE,generic_price_extractor_v3
163,mobo_mdp_ba,Buenos Aires,Mar del Plata,RYZEN 5 3600 CPU RTX 3060 TI GPU DDR4 16GB (2X8) RAM M2 500 GB Storage,1450000,ARS,HARDWARE_PRODUCT,GOODS_MARKET,,,,INDETERMINATE,generic_price_extractor_v3
164,mobo_mdp_ba,Buenos Aires,Mar del Plata,RYZEN 5700X CPU RTX 3080 GPU DDR4 16GB RAM M2 500 GB Storage,1900000,ARS,HARDWARE_PRODUCT,GOODS_MARKET,,,,INDETERMINATE,generic_price_extractor_v3
165,mobo_mdp_ba,Buenos Aires,Mar del Plata,I3 10100F CPU 1660 super GPU DDR4 16GB RAM SSD M.2 256 GB Storage,790000,ARS,HARDWARE_PRODUCT,GOODS_MARKET,,,,INDETERMINATE,generic_price_extractor_v3
166,mobo_mdp_ba,Buenos Aires,Mar del Plata,8500G CPU Integrada GPU DDR5 16GB RAM SSD 512GB Storage,1150000,ARS,HARDWARE_PRODUCT,GOODS_MARKET,,,,INDETERMINATE,generic_price_extractor_v3
167,mobo_mdp_ba,Buenos Aires,Mar del Plata,RYZEN 7 5700G CPU Integrada GPU DDR4 16GB RAM SSD 512GB Storage,950000,ARS,HARDWARE_PRODUCT,GOODS_MARKET,,,,INDETERMINATE,generic_price_extractor_v3
168,mobo_mdp_ba,Buenos Aires,Mar del Plata,El precio original era: $ 1.700.000. $ 1.630.000 El precio actual es: $ 1.630.000.,1700000,ARS,PRICE_CONTEXT,NONE,,,,INDETERMINATE,generic_price_extractor_v3
169,mobo_mdp_ba,Buenos Aires,Mar del Plata,$ 1.700.000 $ 1.630.000 El precio actual es: $ 1.630.000.,1700000,ARS,PRICE_CONTEXT,NONE,,,,INDETERMINATE,generic_price_extractor_v3
170,mobo_mdp_ba,Buenos Aires,Mar del Plata,$ 1.700.000 El precio original era: $ 1.700.000. El precio actual es: $ 1.630.000.,1630000,ARS,PRICE_CONTEXT,NONE,,,,INDETERMINATE,generic_price_extractor_v3
171,mobo_mdp_ba,Buenos Aires,Mar del Plata,$ 1.700.000 El precio original era: $ 1.700.000. $ 1.630.000,1630000,ARS,PRICE_CONTEXT,NONE,,,,INDETERMINATE,generic_price_extractor_v3
172,mobo_mdp_ba,Buenos Aires,Mar del Plata,RYZEN 7 2700 CPU RX 6600 GPU DDR4 16GB (2X8) RAM M2 500 GB Storage,1270000,ARS,HARDWARE_PRODUCT,GOODS_MARKET,,,,INDETERMINATE,generic_price_extractor_v3
173,mobo_mdp_ba,Buenos Aires,Mar del Plata,RYZEN 5 1600 CPU RX 580 8GB ARMOR MSI GPU DDR4 16GB RAM SSD 240GB Storage,890000,ARS,HARDWARE_PRODUCT,GOODS_MARKET,,,,INDETERMINATE,generic_price_extractor_v3
174,mobo_mdp_ba,Buenos Aires,Mar del Plata,El precio original era: $ 2.880.000. $ 2.800.000 El precio actual es: $ 2.800.000.,2880000,ARS,PRICE_CONTEXT,NONE,,,,INDETERMINATE,generic_price_extractor_v3
175,mobo_mdp_ba,Buenos Aires,Mar del Plata,$ 2.880.000 $ 2.800.000 El precio actual es: $ 2.800.000.,2880000,ARS,PRICE_CONTEXT,NONE,,,,INDETERMINATE,generic_price_extractor_v3
176,mobo_mdp_ba,Buenos Aires,Mar del Plata,$ 2.880.000 El precio original era: $ 2.880.000. El precio actual es: $ 2.800.000.,2800000,ARS,PRICE_CONTEXT,NONE,,,,INDETERMINATE,generic_price_extractor_v3
177,mobo_mdp_ba,Buenos Aires,Mar del Plata,$ 2.880.000 El precio original era: $ 2.880.000. $ 2.800.000,2800000,ARS,PRICE_CONTEXT,NONE,,,,INDETERMINATE,generic_price_extractor_v3
178,mobo_mdp_ba,Buenos Aires,Mar del Plata,El precio original era: $ 1.405.000. $ 1.300.000 El precio actual es: $ 1.300.000.,1405000,ARS,PRICE_CONTEXT,NONE,,,,INDETERMINATE,generic_price_extractor_v3
179,mobo_mdp_ba,Buenos Aires,Mar del Plata,$ 1.405.000 $ 1.300.000 El precio actual es: $ 1.300.000.,1405000,ARS,PRICE_CONTEXT,NONE,,,,INDETERMINATE,generic_price_extractor_v3
180,mobo_mdp_ba,Buenos Aires,Mar del Plata,$ 1.405.000 El precio original era: $ 1.405.000. El precio actual es: $ 1.300.000.,1300000,ARS,PRICE_CONTEXT,NONE,,,,INDETERMINATE,generic_price_extractor_v3
181,mobo_mdp_ba,Buenos Aires,Mar del Plata,$ 1.405.000 El precio original era: $ 1.405.000. $ 1.300.000,1300000,ARS,PRICE_CONTEXT,NONE,,,,INDETERMINATE,generic_price_extractor_v3
182,mobo_mdp_ba,Buenos Aires,Mar del Plata,RYZEN 5 4500 CPU 1660 TI GPU DDR4 16GB RAM SSD 512GB Storage,1030000,ARS,HARDWARE_PRODUCT,GOODS_MARKET,,,,INDETERMINATE,generic_price_extractor_v3
183,mobo_mdp_ba,Buenos Aires,Mar del Plata,COMBOS MOBO COMBO AM4 ENTRADA: RYZEN 3 3200G + ASROCK A520M-HDV + 16GB DDR4 Agregar al carrito,537150,ARS,HARDWARE_PRODUCT,GOODS_MARKET,,,,INDETERMINATE,generic_price_extractor_v3
184,mobo_mdp_ba,Buenos Aires,Mar del Plata,COMBOS MOBO COMBO AM4 MEDIA: RYZEN 5 5600GT + GIGABYTE B550M DS3H AC R2 + 16GB DDR4 Agregar al carrito,821156,ARS,HARDWARE_PRODUCT,GOODS_MARKET,,,,INDETERMINATE,generic_price_extractor_v3
185,mobo_mdp_ba,Buenos Aires,Mar del Plata,COMBOS MOBO COMBO AM4 ALTA: RYZEN 7 5800XT (S/COOLER) + GIGABYTE B550M DS3H AC R2 + 16GB DDR4 Agregar al carrito,1002481,ARS,HARDWARE_PRODUCT,GOODS_MARKET,,,,INDETERMINATE,generic_price_extractor_v3
186,mobo_mdp_ba,Buenos Aires,Mar del Plata,COMBOS MOBO COMBO AM5 ENTRADA: RYZEN 5 8500G + GIGABYTE A620M H + 16GB DDR5 Agregar al carrito,977773,ARS,HARDWARE_PRODUCT,GOODS_MARKET,,,,INDETERMINATE,generic_price_extractor_v3
187,mobo_mdp_ba,Buenos Aires,Mar del Plata,COMBOS MOBO COMBO AM5 MEDIA: RYZEN 7 7700X + GIGABYTE B840M AORUS ELITE WIFI6E + 16GB DDR5 Agregar al carrito,1657702,ARS,HARDWARE_PRODUCT,GOODS_MARKET,,,,INDETERMINATE,generic_price_extractor_v3
188,mobo_mdp_ba,Buenos Aires,Mar del Plata,COMBOS MOBO COMBO AM5 ALTA: RYZEN 9 9950X3D2 + GIGABYTE B840M AORUS ELITE WIFI6E + 16GB DDR5 Agregar al carrito,2902696,ARS,HARDWARE_PRODUCT,GOODS_MARKET,,,,INDETERMINATE,generic_price_extractor_v3
189,mobo_mdp_ba,Buenos Aires,Mar del Plata,Placas de video MOBO RTX 3090 24 GB Agregar al carrito,1090000,ARS,HARDWARE_PRODUCT,GOODS_MARKET,,,,INDETERMINATE,generic_price_extractor_v3
190,mobo_mdp_ba,Buenos Aires,Mar del Plata,Placas de video MOBO RX 6700XT 12GB Agregar al carrito,550000,ARS,HARDWARE_PRODUCT,GOODS_MARKET,,,,INDETERMINATE,generic_price_extractor_v3
191,mobo_mdp_ba,Buenos Aires,Mar del Plata,Placas de video MOBO GTX 1660 SUPER 6GB EVGA SC ULTRA Agregar al carrito,280000,ARS,HARDWARE_PRODUCT,GOODS_MARKET,,,,INDETERMINATE,generic_price_extractor_v3
192,mobo_mdp_ba,Buenos Aires,Mar del Plata,Placas de video MOBO RX 580 8GB MSI ARMOR OC Agregar al carrito,210000,ARS,HARDWARE_PRODUCT,GOODS_MARKET,,,,INDETERMINATE,generic_price_extractor_v3
193,mobo_mdp_ba,Buenos Aires,Mar del Plata,Placas de video MOBO RX 6700XT 12 GB XFX Agregar al carrito,550000,ARS,HARDWARE_PRODUCT,GOODS_MARKET,,,,INDETERMINATE,generic_price_extractor_v3
194,mobo_mdp_ba,Buenos Aires,Mar del Plata,Placas de video MOBO RTX 3070 8GB Zotac Twin Edge OC Agregar al carrito,600000,ARS,HARDWARE_PRODUCT,GOODS_MARKET,,,,INDETERMINATE,generic_price_extractor_v3
195,mobo_mdp_ba,Buenos Aires,Mar del Plata,Placas de video MOBO RTX 3070 8GB GAMING X Agregar al carrito,550000,ARS,HARDWARE_PRODUCT,GOODS_MARKET,,,,INDETERMINATE,generic_price_extractor_v3
196,mobo_mdp_ba,Buenos Aires,Mar del Plata,Placas de video MOBO RTX 5050 ASUS 8GB Agregar al carrito,650000,ARS,HARDWARE_PRODUCT,GOODS_MARKET,,,,INDETERMINATE,generic_price_extractor_v3
197,cisled_cordoba,Córdoba,Córdoba,Instalación de Sistema Operativo Precio final mano de obra Instalación Windows/Linux/MacOS Drivers y Pack Office Programas Básicos Optimización de inicio Reservar turno,49000,ARS,COMPOSITE_SERVICE,MIXED_OR_UNKNOWN,FORMATEO_INSTALACION_SO|INSTALACION_DRIVERS|INSTALACION_PROGRAMAS,,,INDETERMINATE,generic_price_extractor_v3
198,cisled_cordoba,Córdoba,Córdoba,Más Buscado Mantenimiento Preventivo/Service Precio final mano de obra Limpieza física profunda Cambio pasta térmica (Artic Cooling) Lubricación de coolers Chequeo de temperaturas Reservar turno,59000,ARS,SINGLE_SERVICE,LOCAL_SERVICE,LIMPIEZA_MANTENIMIENTO,LIMPIEZA_MANTENIMIENTO,Córdoba::LIMPIEZA_MANTENIMIENTO,INDETERMINATE,generic_price_extractor_v3
199,cisled_cordoba,Córdoba,Córdoba,Potenciamiento/Upgrade + costo de componentes Instalación de SSD/RAM Clonado de sistema (hdd/ssd) Overclocking Test de compatibilidad Reservar turno,39000,ARS,SINGLE_SERVICE,LOCAL_SERVICE,UPGRADE_HARDWARE,UPGRADE_HARDWARE,Córdoba::UPGRADE_HARDWARE,INDETERMINATE,generic_price_extractor_v3
200,tecnico_eliseo_cordoba,Córdoba,Córdoba,Diagnóstico Preventivo Formateo Básico (Sistema Operativo + Drivers) Limpieza Física del Dispositivo Armado de PC Básica BackUp (hasta 100 Gigabytes) $75.000 $80.000,20000,ARS,COMPOSITE_SERVICE,MIXED_OR_UNKNOWN,FORMATEO_INSTALACION_SO|LIMPIEZA_MANTENIMIENTO|BACKUP_DATOS|INSTALACION_DRIVERS|ARMADO_PC,,,INDETERMINATE,generic_price_extractor_v3
201,tecnico_eliseo_cordoba,Córdoba,Córdoba,Diagnóstico Preventivo Formateo Básico (Sistema Operativo + Drivers) Limpieza Física del Dispositivo Armado de PC Básica BackUp (hasta 100 Gigabytes) $20.000 $20.000 $80.000 $20.000,75000,ARS,COMPOSITE_SERVICE,MIXED_OR_UNKNOWN,FORMATEO_INSTALACION_SO|LIMPIEZA_MANTENIMIENTO|BACKUP_DATOS|INSTALACION_DRIVERS|ARMADO_PC,,,INDETERMINATE,generic_price_extractor_v3
202,tecnico_eliseo_cordoba,Córdoba,Córdoba,Diagnóstico Preventivo Formateo Básico (Sistema Operativo + Drivers) Limpieza Física del Dispositivo Armado de PC Básica BackUp (hasta 100 Gigabytes) $20.000 $75.000 $20.000 $20.000,80000,ARS,COMPOSITE_SERVICE,MIXED_OR_UNKNOWN,FORMATEO_INSTALACION_SO|LIMPIEZA_MANTENIMIENTO|BACKUP_DATOS|INSTALACION_DRIVERS|ARMADO_PC,,,INDETERMINATE,generic_price_extractor_v3
203,tecnico_eliseo_cordoba,Córdoba,Córdoba,Formateo Completo (Sistema Operativo+Drivers+Aplicaciones) Optimización Simple Optimización Compleja $50.000 $75.000,100000,ARS,COMPOSITE_SERVICE,MIXED_OR_UNKNOWN,FORMATEO_INSTALACION_SO|INSTALACION_DRIVERS,,,INDETERMINATE,generic_price_extractor_v3
204,tecnico_eliseo_cordoba,Córdoba,Córdoba,Formateo Completo (Sistema Operativo+Drivers+Aplicaciones) Optimización Simple Optimización Compleja $100.000 $75.000,50000,ARS,COMPOSITE_SERVICE,MIXED_OR_UNKNOWN,FORMATEO_INSTALACION_SO|INSTALACION_DRIVERS,,,INDETERMINATE,generic_price_extractor_v3
205,tecnico_eliseo_cordoba,Córdoba,Córdoba,Formateo Completo (Sistema Operativo+Drivers+Aplicaciones) Optimización Simple Optimización Compleja $100.000 $50.000,75000,ARS,COMPOSITE_SERVICE,MIXED_OR_UNKNOWN,FORMATEO_INSTALACION_SO|INSTALACION_DRIVERS,,,INDETERMINATE,generic_price_extractor_v3
206,tecnico_eliseo_cordoba,Córdoba,Córdoba,Aplicaciones Comunes Aplicaciones Comerciales $20.000,10000,ARS,SINGLE_SERVICE,LOCAL_SERVICE,INSTALACION_PROGRAMAS,INSTALACION_PROGRAMAS,Córdoba::INSTALACION_PROGRAMAS,INDETERMINATE,generic_price_extractor_v3
207,tecnico_eliseo_cordoba,Córdoba,Córdoba,Aplicaciones Comunes Aplicaciones Comerciales $10.000,20000,ARS,SINGLE_SERVICE,LOCAL_SERVICE,INSTALACION_PROGRAMAS,INSTALACION_PROGRAMAS,Córdoba::INSTALACION_PROGRAMAS,INDETERMINATE,generic_price_extractor_v3
208,tecnico_eliseo_cordoba,Córdoba,Córdoba,Extracción Virus/Malware Clonación Discos Cambio de Componentes Varios $45.000 $20.000,25000,ARS,SINGLE_SERVICE,LOCAL_SERVICE,ELIMINACION_MALWARE,ELIMINACION_MALWARE,Córdoba::ELIMINACION_MALWARE,INDETERMINATE,generic_price_extractor_v3
209,tecnico_eliseo_cordoba,Córdoba,Córdoba,Extracción Virus/Malware Clonación Discos Cambio de Componentes Varios $25.000 $20.000,45000,ARS,SINGLE_SERVICE,LOCAL_SERVICE,ELIMINACION_MALWARE,ELIMINACION_MALWARE,Córdoba::ELIMINACION_MALWARE,INDETERMINATE,generic_price_extractor_v3
210,tecnico_eliseo_cordoba,Córdoba,Córdoba,Extracción Virus/Malware Clonación Discos Cambio de Componentes Varios $25.000 $45.000,20000,ARS,SINGLE_SERVICE,LOCAL_SERVICE,ELIMINACION_MALWARE,ELIMINACION_MALWARE,Córdoba::ELIMINACION_MALWARE,INDETERMINATE,generic_price_extractor_v3
211,tecnico_eliseo_cordoba,Córdoba,Córdoba,Adicional Portátiles,20000,ARS,PRICE_CONTEXT,NONE,,,,INDETERMINATE,generic_price_extractor_v3
212,tecnico_eliseo_cordoba,Córdoba,Córdoba,Adicional Transporte,50000,ARS,PRICE_CONTEXT,NONE,,,,INDETERMINATE,generic_price_extractor_v3
213,tecnico_eliseo_cordoba,Córdoba,Córdoba,Hora servicio técnico remoto,40000,ARS,SINGLE_SERVICE,REMOTE_NATIONAL_SERVICE,SOPORTE_REMOTO,SOPORTE_REMOTO,AR::SOPORTE_REMOTO,INDETERMINATE,generic_price_extractor_v3
214,miservice_cordoba,Córdoba,Córdoba,"Formateo Basico Optimiza tu ordenador eliminando errores, virus y archivos innecesarios. Deja tu equipo como nuevo con una instalación limpia, rápida y segura del sistema operativo. *NO Incluye back-up de documentos ni drivers de impresora.",45000,ARS,COMPOSITE_SERVICE,MIXED_OR_UNKNOWN,FORMATEO_INSTALACION_SO|ELIMINACION_MALWARE|INSTALACION_DRIVERS|SERVICIO_IMPRESORAS,,,INDETERMINATE,generic_price_extractor_v3
215,miservice_cordoba,Córdoba,Córdoba,"Formateo con Backup Sistema Operativo + BackUp de Datos Realizamos una copia de seguridad completa antes de formatear tu equipo, asegurando que no pierdas tus archivos importantes. Recupera el rendimiento de tu ordenador sin riesgo de pérdida de datos.",63000,ARS,COMPOSITE_SERVICE,MIXED_OR_UNKNOWN,FORMATEO_INSTALACION_SO|BACKUP_DATOS,,,INDETERMINATE,generic_price_extractor_v3
216,miservice_cordoba,Córdoba,Córdoba,"Optimizado de PC MÁS POPULAR Mejora el rendimiento de tu ordenador con servicios de actualización: cambio de HDD por SSD, ampliación de memoria RAM o sustitución del microprocesador. No incluye los componentes.",65000,ARS,SINGLE_SERVICE,LOCAL_SERVICE,UPGRADE_HARDWARE,UPGRADE_HARDWARE,Córdoba::UPGRADE_HARDWARE,INDETERMINATE,generic_price_extractor_v3
217,gorilagames_cordoba,Córdoba,Córdoba,Moto dentro de Circunvalación Córdoba,5000,ARS,LOGISTICS_CONTEXT,NONE,,,,INDETERMINATE,generic_price_extractor_v3
218,gorilagames_cordoba,Córdoba,Córdoba,Correo a domicilio,14900,ARS,LOGISTICS_CONTEXT,NONE,,,,INDETERMINATE,generic_price_extractor_v3
219,gorilagames_cordoba,Córdoba,Córdoba,Sucursal/Punto HOP Andreani,11500,ARS,LOGISTICS_CONTEXT,NONE,,,,INDETERMINATE,generic_price_extractor_v3
220,gorilagames_cordoba,Córdoba,Córdoba,Incluye 15% OFF pagando por transferencia.,50000,ARS,PRICE_CONTEXT,NONE,,,,INDETERMINATE,generic_price_extractor_v3
221,gorilagames_cordoba,Córdoba,Córdoba,Incluye 15% OFF pagando por transferencia.,90000,ARS,PRICE_CONTEXT,NONE,,,,INDETERMINATE,generic_price_extractor_v3
222,gorilagames_cordoba,Córdoba,Córdoba,Incluye 15% OFF pagando por transferencia.,30000,ARS,PRICE_CONTEXT,NONE,,,,INDETERMINATE,generic_price_extractor_v3
223,gorilagames_cordoba,Córdoba,Córdoba,Incluye 15% OFF pagando por transferencia.,45000,ARS,PRICE_CONTEXT,NONE,,,,INDETERMINATE,generic_price_extractor_v3
224,spacegamer_cordoba,Córdoba,Córdoba,Envió dentro de Córdoba Capital,5500,ARS,UNMAPPED,UNKNOWN,,,,INDETERMINATE,generic_price_extractor_v3
225,spacegamer_cordoba,Córdoba,Córdoba,Envió a Sucursal Andreani,10999,ARS,LOGISTICS_CONTEXT,NONE,,,,INDETERMINATE,generic_price_extractor_v3
226,spacegamer_cordoba,Córdoba,Córdoba,Envió a Domicilio (Andreani),14999,ARS,LOGISTICS_CONTEXT,NONE,,,,INDETERMINATE,generic_price_extractor_v3
227,spacegamer_cordoba,Córdoba,Córdoba,Precio especial transferencia,60000,ARS,PRICE_CONTEXT,NONE,,,,INDETERMINATE,generic_price_extractor_v3
228,spacegamer_cordoba,Córdoba,Córdoba,Precio especial transferencia,90000,ARS,PRICE_CONTEXT,NONE,,,,INDETERMINATE,generic_price_extractor_v3
229,spacegamer_cordoba,Córdoba,Córdoba,Precio especial transferencia,40000,ARS,PRICE_CONTEXT,NONE,,,,INDETERMINATE,generic_price_extractor_v3
230,spacegamer_cordoba,Córdoba,Córdoba,Precio especial transferencia,70000,ARS,PRICE_CONTEXT,NONE,,,,INDETERMINATE,generic_price_extractor_v3
231,spacegamer_cordoba,Córdoba,Córdoba,Precio especial transferencia,99000,ARS,PRICE_CONTEXT,NONE,,,,INDETERMINATE,generic_price_extractor_v3
232,spacegamer_cordoba,Córdoba,Córdoba,Precio especial transferencia,100000,ARS,PRICE_CONTEXT,NONE,,,,INDETERMINATE,generic_price_extractor_v3
233,spacegamer_cordoba,Córdoba,Córdoba,Precio especial transferencia,30000,ARS,PRICE_CONTEXT,NONE,,,,INDETERMINATE,generic_price_extractor_v3
234,redmatica_cordoba,Córdoba,Córdoba,SERVICIO TÉCNICO A DOMICILIO La Computadora No Enciende La Computadora Es Ruidosa La Computadora Se Apaga La Computadora está Lenta El Sistema Operativo Se Tilda La Computadora Se Calienta Desde Solicitar Ahora,30000,ARS,SINGLE_SERVICE,LOCAL_SERVICE,VISITA_TECNICA_DOMICILIO,VISITA_TECNICA_DOMICILIO,Córdoba::VISITA_TECNICA_DOMICILIO,INDETERMINATE,generic_price_extractor_v3
235,redmatica_cordoba,Córdoba,Córdoba,REPARACIÓN DE PC / NOTEBOOKS El Sistema Operativo No Inicia Los Programas No Inician Reemplazo de Batería Reemplazo de Disco Duro Cambio de Pantalla – Notebooks Actualización de Sistema Operativo Desde Solicitar Ahora,50000,ARS,COMPOSITE_SERVICE,MIXED_OR_UNKNOWN,INSTALACION_PROGRAMAS|REPARACION_HARDWARE,,,INDETERMINATE,generic_price_extractor_v3
236,compustark_santafe,Santa Fe,Santa Fe,Limpieza de Hardware Desktop / Notebook / MacBook,65000,ARS,SINGLE_SERVICE,LOCAL_SERVICE,LIMPIEZA_MANTENIMIENTO,LIMPIEZA_MANTENIMIENTO,Santa Fe::LIMPIEZA_MANTENIMIENTO,INDETERMINATE,generic_price_extractor_v3
237,compustark_santafe,Santa Fe,Santa Fe,Reinstalación de S. O. Desktop / Notebook / MacBook,75000,ARS,SINGLE_SERVICE,LOCAL_SERVICE,FORMATEO_INSTALACION_SO,FORMATEO_INSTALACION_SO,Santa Fe::FORMATEO_INSTALACION_SO,INDETERMINATE,generic_price_extractor_v3
238,compustark_santafe,Santa Fe,Santa Fe,Cambio de Pantalla Notebook - MacBook,250000,ARS,SINGLE_SERVICE,LOCAL_SERVICE,REPARACION_HARDWARE,REPARACION_HARDWARE,Santa Fe::REPARACION_HARDWARE,INDETERMINATE,generic_price_extractor_v3
239,hashtech_roldan_sf,Santa Fe,Roldán,Precios por cantidad de equipos: 1 equipo: 2 equipos: $75.000 3 equipos: $109.500 4 equipos: $140.000 5 equipos: $167.500,39500,ARS,PRICE_CONTEXT,NONE,,,,INDETERMINATE,generic_price_extractor_v3
240,hashtech_roldan_sf,Santa Fe,Roldán,Precios por cantidad de equipos: 1 equipo: 2 equipos: $105.000 3 equipos: $153.000 4 equipos: $195.000 5 equipos: $230.000,55000,ARS,PRICE_CONTEXT,NONE,,,,INDETERMINATE,generic_price_extractor_v3
241,hashtech_roldan_sf,Santa Fe,Roldán,Precios por cantidad de equipos: 1 equipo: 2 equipos: $145.000 3 equipos: $210.000 4 equipos: $270.000 5 equipos: $325.000,75000,ARS,PRICE_CONTEXT,NONE,,,,INDETERMINATE,generic_price_extractor_v3
242,rey_clon_casilda_sf,Santa Fe,Casilda,DISPONIBLE,45020,ARS,NON_OBJECT,NONE,,,,INDETERMINATE,generic_price_extractor_v3
243,rey_clon_casilda_sf,Santa Fe,Casilda,DISPONIBLE,56270,ARS,NON_OBJECT,NONE,,,,INDETERMINATE,generic_price_extractor_v3
244,rey_clon_casilda_sf,Santa Fe,Casilda,DISPONIBLE,84400,ARS,NON_OBJECT,NONE,,,,INDETERMINATE,generic_price_extractor_v3
245,rey_clon_casilda_sf,Santa Fe,Casilda,72hs de Demora,93090,ARS,PRICE_CONTEXT,NONE,,,,INDETERMINATE,generic_price_extractor_v3
246,rey_clon_casilda_sf,Santa Fe,Casilda,72hs de Demora,78030,ARS,PRICE_CONTEXT,NONE,,,,INDETERMINATE,generic_price_extractor_v3
247,canjepc_rosario_sf,Santa Fe,Rosario,"$0,00",790000,ARS,NON_OBJECT,NONE,,,,INDETERMINATE,generic_price_extractor_v3
248,canjepc_rosario_sf,Santa Fe,Rosario,"$0,00",998000,ARS,NON_OBJECT,NONE,,,,INDETERMINATE,generic_price_extractor_v3
249,canjepc_rosario_sf,Santa Fe,Rosario,"$0,00",1019000,ARS,NON_OBJECT,NONE,,,,INDETERMINATE,generic_price_extractor_v3
250,canjepc_rosario_sf,Santa Fe,Rosario,"$0,00",1254000,ARS,NON_OBJECT,NONE,,,,INDETERMINATE,generic_price_extractor_v3
251,canjepc_rosario_sf,Santa Fe,Rosario,"$0,00",1649000,ARS,NON_OBJECT,NONE,,,,INDETERMINATE,generic_price_extractor_v3
252,canjepc_rosario_sf,Santa Fe,Rosario,"$0,00",1890000,ARS,NON_OBJECT,NONE,,,,INDETERMINATE,generic_price_extractor_v3
253,viciadero_tucuman,Tucumán,San Miguel de Tucumán,🔻 FORMATEO:,25000,ARS,SINGLE_SERVICE,LOCAL_SERVICE,FORMATEO_INSTALACION_SO,FORMATEO_INSTALACION_SO,Tucumán::FORMATEO_INSTALACION_SO,INDETERMINATE,generic_price_extractor_v3
254,viciadero_tucuman,Tucumán,San Miguel de Tucumán,hasta 20gb: mas,6000,ARS,SCOPE_DEVICE,NONE,,,,INDETERMINATE,generic_price_extractor_v3
255,viciadero_tucuman,Tucumán,San Miguel de Tucumán,hasta 30gb: mas,8000,ARS,SCOPE_DEVICE,NONE,,,,INDETERMINATE,generic_price_extractor_v3
256,viciadero_tucuman,Tucumán,San Miguel de Tucumán,hasta 50gb: mas,10000,ARS,SCOPE_DEVICE,NONE,,,,INDETERMINATE,generic_price_extractor_v3
257,viciadero_tucuman,Tucumán,San Miguel de Tucumán,hasta 100gb: mas,13000,ARS,SCOPE_DEVICE,NONE,,,,INDETERMINATE,generic_price_extractor_v3
258,viciadero_tucuman,Tucumán,San Miguel de Tucumán,hasta 200gb,16000,ARS,SCOPE_DEVICE,NONE,,,,INDETERMINATE,generic_price_extractor_v3
259,viciadero_tucuman,Tucumán,San Miguel de Tucumán,hasta 300gb,22000,ARS,SCOPE_DEVICE,NONE,,,,INDETERMINATE,generic_price_extractor_v3
260,viciadero_tucuman,Tucumán,San Miguel de Tucumán,hasta 400gb,27000,ARS,SCOPE_DEVICE,NONE,,,,INDETERMINATE,generic_price_extractor_v3
261,viciadero_tucuman,Tucumán,San Miguel de Tucumán,hasta 500gb,32000,ARS,SCOPE_DEVICE,NONE,,,,INDETERMINATE,generic_price_extractor_v3
262,viciadero_tucuman,Tucumán,San Miguel de Tucumán,hasta 1 TB,37000,ARS,SCOPE_DEVICE,NONE,,,,INDETERMINATE,generic_price_extractor_v3
263,viciadero_tucuman,Tucumán,San Miguel de Tucumán,hasta 2 TB,42000,ARS,SCOPE_DEVICE,NONE,,,,INDETERMINATE,generic_price_extractor_v3
264,viciadero_tucuman,Tucumán,San Miguel de Tucumán,hasta 3 TB,52000,ARS,SCOPE_DEVICE,NONE,,,,INDETERMINATE,generic_price_extractor_v3
265,viciadero_tucuman,Tucumán,San Miguel de Tucumán,hasta 4 TB,62000,ARS,SCOPE_DEVICE,NONE,,,,INDETERMINATE,generic_price_extractor_v3
266,viciadero_tucuman,Tucumán,San Miguel de Tucumán,🔻 LIMPIEZA FISICA BASICA:,20000,ARS,SINGLE_SERVICE,LOCAL_SERVICE,LIMPIEZA_MANTENIMIENTO,LIMPIEZA_MANTENIMIENTO,Tucumán::LIMPIEZA_MANTENIMIENTO,INDETERMINATE,generic_price_extractor_v3
267,viciadero_tucuman,Tucumán,San Miguel de Tucumán,si es con pasta id cooling serian extras,5000,ARS,PRICE_CONTEXT,NONE,,,,INDETERMINATE,generic_price_extractor_v3
268,bh_systems_larioja,La Rioja,La Rioja,"Sí, cobramos una tarifa de por el diagnóstico y la revisión técnica del equipo, en caso de hacer la reparación será descontado del presupuesto.",24000,ARS,SINGLE_SERVICE,LOCAL_SERVICE,DIAGNOSTICO_REVISION,DIAGNOSTICO_REVISION,La Rioja::DIAGNOSTICO_REVISION,INDETERMINATE,generic_price_extractor_v3
269,cosmica_chubut,Chubut,Chubut,El precio se confirma antes de comenzar y no cambia por provincia.,24900,ARS,UNMAPPED,UNKNOWN,,,,INDETERMINATE,generic_price_extractor_v3
270,neutro_riogrande_tdf,Tierra del Fuego,Río Grande,*,20000,ARS,NON_OBJECT,NONE,,,,INDETERMINATE,generic_price_extractor_v3
271,neutro_riogrande_tdf,Tierra del Fuego,Río Grande,Reparación de Sistema $20.000* Re-instalación de sistema Resguardo de datos Instalación de controladores Chequeo de hardware,16000,ARS,COMPOSITE_SERVICE,MIXED_OR_UNKNOWN,FORMATEO_INSTALACION_SO|BACKUP_DATOS|INSTALACION_DRIVERS,,,INDETERMINATE,generic_price_extractor_v3
272,neutro_riogrande_tdf,Tierra del Fuego,Río Grande,​,16000,ARS,NON_OBJECT,NONE,,,,INDETERMINATE,generic_price_extractor_v3
273,neutro_riogrande_tdf,Tierra del Fuego,Río Grande,*,13000,ARS,NON_OBJECT,NONE,,,,INDETERMINATE,generic_price_extractor_v3
